{"loss":0.8164823837935353,"cen_accuracy":0.689,"_timestamp":1.7553177204401295e+09,"_step":5,"_wandb":{"runtime":64},"_runtime":64.906853852}