{"_timestamp":1.7553293960785954e+09,"_step":3,"_wandb":{"runtime":43},"_runtime":43.796475508,"loss":1.054271306283177,"cen_accuracy":0.5848}