{"_runtime":36.499058894,"loss":0.6350600031998973,"cen_accuracy":0.7625,"_timestamp":1.7556932607963727e+09,"_step":3,"_wandb":{"runtime":36}}