{"_timestamp":1.7553164909957433e+09,"_step":0,"loss":2.3028305772775277,"_wandb":{"runtime":21},"_runtime":21.362296471,"cen_accuracy":0.1}