{"_runtime":21.341590966,"_step":0,"loss":2.304104030322724,"cen_accuracy":0.1,"_timestamp":1.7553166640374827e+09,"_wandb":{"runtime":21}}