{
    "0": {
        "loss": 2.3087535247254296,
        "cen_accuracy": 0.1
    },
    "1": {
        "loss": 2.199370304997356,
        "cen_accuracy": 0.2994
    },
    "2": {
        "loss": 1.3310991898893167,
        "cen_accuracy": 0.5011
    },
    "3": {
        "loss": 1.0771635047163064,
        "cen_accuracy": 0.5636
    }
}