{
    "0": {
        "loss": 2.303137326773744,
        "cen_accuracy": 0.083
    },
    "1": {
        "loss": 2.1109229581424604,
        "cen_accuracy": 0.2386
    },
    "2": {
        "loss": 0.6465397051538522,
        "cen_accuracy": 0.7535
    },
    "3": {
        "loss": 0.5480472511186386,
        "cen_accuracy": 0.8001
    },
    "4": {
        "loss": 0.5946603545936914,
        "cen_accuracy": 0.7868
    },
    "5": {
        "loss": 0.5160991324308201,
        "cen_accuracy": 0.8036
    }
}