{
    "0": {
        "loss": 2.3054495878493824,
        "cen_accuracy": 0.0999
    },
    "1": {
        "loss": 1.4976060024846476,
        "cen_accuracy": 0.5901
    },
    "2": {
        "loss": 0.6105820206217111,
        "cen_accuracy": 0.7735
    },
    "3": {
        "loss": 0.6574701972472401,
        "cen_accuracy": 0.7686
    },
    "4": {
        "loss": 0.6033405998644357,
        "cen_accuracy": 0.7694
    },
    "5": {
        "loss": 0.618984549047467,
        "cen_accuracy": 0.7752
    }
}