{"_runtime":61.151497108,"loss":0.5538256462104023,"cen_accuracy":0.7929,"_timestamp":1.7553187642054636e+09,"_step":5,"_wandb":{"runtime":61}}