{"_runtime":44.77908191,"_timestamp":1.7553293028144662e+09,"_step":3,"loss":1.1126138139456605,"cen_accuracy":0.569,"_wandb":{"runtime":44}}