{
    "0": {
        "loss": 2.304551309670884,
        "cen_accuracy": 0.1
    },
    "1": {
        "loss": 1.7658673361086616,
        "cen_accuracy": 0.5005
    },
    "2": {
        "loss": 0.8436845515292293,
        "cen_accuracy": 0.6768
    },
    "3": {
        "loss": 0.7346072836805837,
        "cen_accuracy": 0.7488
    },
    "4": {
        "loss": 0.6251899592411785,
        "cen_accuracy": 0.7556
    },
    "5": {
        "loss": 0.58652540812858,
        "cen_accuracy": 0.8006
    },
    "6": {
        "loss": 0.6175856375560974,
        "cen_accuracy": 0.7709
    },
    "7": {
        "loss": 0.5593828558445738,
        "cen_accuracy": 0.7837
    },
    "8": {
        "loss": 0.5847062613731756,
        "cen_accuracy": 0.7934
    },
    "9": {
        "loss": 0.5518837645411873,
        "cen_accuracy": 0.7908
    },
    "10": {
        "loss": 0.47641699173199104,
        "cen_accuracy": 0.8235
    },
    "11": {
        "loss": 0.6009605934444707,
        "cen_accuracy": 0.7812
    },
    "12": {
        "loss": 0.6988952461237343,
        "cen_accuracy": 0.7497
    },
    "13": {
        "loss": 0.6395793197254023,
        "cen_accuracy": 0.7749
    },
    "14": {
        "loss": 0.7301007481143117,
        "cen_accuracy": 0.7454
    },
    "15": {
        "loss": 0.6381256169975756,
        "cen_accuracy": 0.7768
    }
}