{
    "0": {
        "loss": 2.3064636376719125,
        "cen_accuracy": 0.1233
    },
    "1": {
        "loss": 1.9838516011405676,
        "cen_accuracy": 0.5136
    },
    "2": {
        "loss": 0.7103927155462698,
        "cen_accuracy": 0.7067
    },
    "3": {
        "loss": 0.6350600031998973,
        "cen_accuracy": 0.7625
    }
}