{
    "0": {
        "loss": 2.305812932431888,
        "cen_accuracy": 0.1016
    },
    "1": {
        "loss": 2.1583035746321513,
        "cen_accuracy": 0.2736
    },
    "2": {
        "loss": 0.7044505274143463,
        "cen_accuracy": 0.7419
    },
    "3": {
        "loss": 0.5970725963195673,
        "cen_accuracy": 0.7805
    },
    "4": {
        "loss": 0.7877534764072004,
        "cen_accuracy": 0.6933
    },
    "5": {
        "loss": 0.5612325465526825,
        "cen_accuracy": 0.7952
    }
}