{"_step":3,"_wandb":{"runtime":36},"_runtime":36.094315085,"loss":1.0236420143907443,"cen_accuracy":0.6029,"_timestamp":1.7553295007179284e+09}