{"_runtime":69.769142161,"_step":3,"loss":1.9723126937786992,"cen_accuracy":0.368,"_timestamp":1.7553278358684177e+09,"_wandb":{"runtime":69}}