{"_wandb":{"runtime":20},"_runtime":20.805188166,"_timestamp":1.755317044323515e+09,"_step":0,"loss":2.304955211310341,"cen_accuracy":0.1}