{"_wandb":{"runtime":114},"_runtime":114.847385023,"loss":1.9687683605157529,"cen_accuracy":0.3263,"_timestamp":1.7553216496419013e+09,"_step":3}