{"cen_accuracy":0.7504,"_timestamp":1.7553155563653677e+09,"_step":3,"loss":0.7171178746718568,"_wandb":{"runtime":51},"_runtime":51.651710601}