{"loss":0.6381256169975756,"cen_accuracy":0.7768,"_timestamp":1.7552737657266116e+09,"_step":15,"_wandb":{"runtime":135},"_runtime":135.504887315}