{"_wandb":{"runtime":34},"_runtime":34.232782828,"_step":3,"loss":1.11000311050933,"cen_accuracy":0.5789,"_timestamp":1.7553289842496092e+09}