{"_wandb":{"runtime":150},"_runtime":150.771435953,"loss":2.0960486536970535,"cen_accuracy":0.2518,"_timestamp":1.7553276853755438e+09,"_step":3}