{"cen_accuracy":0.669,"_timestamp":1.7553280527648795e+09,"_step":3,"_wandb":{"runtime":62},"_runtime":62.790336872,"loss":0.994280328004124}