{"loss":1.0677602367279249,"cen_accuracy":0.589,"_wandb":{"runtime":34},"_runtime":34.428605256,"_timestamp":1.755328165414824e+09,"_step":3}