{"_timestamp":1.7553291353770103e+09,"_step":3,"loss":1.076446436464596,"_wandb":{"runtime":45},"_runtime":45.844096047,"cen_accuracy":0.599}