{"_runtime":50.535767282,"_step":3,"loss":0.6503920242809259,"cen_accuracy":0.7424,"_timestamp":1.7553154730593538e+09,"_wandb":{"runtime":50}}