{"_wandb":{"runtime":69},"_runtime":69.754989802,"loss":2.0615520522998163,"cen_accuracy":0.3597,"_timestamp":1.7553274363494291e+09,"_step":3}