{"_step":5,"_wandb":{"runtime":59},"_runtime":59.294998594,"loss":0.5273954763580054,"cen_accuracy":0.8115,"_timestamp":1.755318222687003e+09}