{"cen_accuracy":0.1,"_timestamp":1.7553167162304509e+09,"_wandb":{"runtime":21},"_runtime":21.205097453,"_step":0,"loss":2.3060769928149143}