{"_wandb":{"runtime":60},"_runtime":60.744666391,"_step":5,"loss":0.5612325465526825,"cen_accuracy":0.7952,"_timestamp":1.7552732876908488e+09}