{"_wandb":{"runtime":33},"_runtime":33.06487358,"_timestamp":1.7553295610208774e+09,"_step":3,"loss":1.0771635047163064,"cen_accuracy":0.5636}