{"_runtime":60.041813913,"_step":5,"loss":0.5160991324308201,"cen_accuracy":0.8036,"_timestamp":1.7553194831568375e+09,"_wandb":{"runtime":60}}