{"_wandb":{"runtime":120},"_runtime":120.222360722,"_step":3,"loss":1.9458243336540442,"cen_accuracy":0.3818,"_timestamp":1.7553212216030931e+09}