{"loss":0.537930712913172,"cen_accuracy":0.7973,"_timestamp":1.7553178594697216e+09,"_step":5,"_wandb":{"runtime":60},"_runtime":60.36633816}