{"loss":0.7926204810127283,"_wandb":{"runtime":49},"_runtime":49.90856803,"cen_accuracy":0.6858,"_timestamp":1.7553176210539563e+09,"_step":3}