{"_runtime":49.681625469,"loss":0.6007794841600302,"cen_accuracy":0.7653,"_timestamp":1.7553175076602397e+09,"_step":3,"_wandb":{"runtime":49}}