{"cen_accuracy":0.6165,"_timestamp":1.7553208277025855e+09,"_step":3,"_wandb":{"runtime":64},"_runtime":64.27574546,"loss":1.035752218371382}